bucket_name,seed_id,track_ids,track_order
Top tracks from related artists,6txo4X8yd8FekwFFtI82Ea,7HtiS6ubdQ8vUOMDLltiT3,0
Top tracks from related artists,6txo4X8yd8FekwFFtI82Ea,53zrZribB4xc2uRzZXWKCT,1
Top tracks from related artists,6txo4X8yd8FekwFFtI82Ea,7who5uXItIE5zkOXQ3uH5M,2
Top tracks from related artists,6txo4X8yd8FekwFFtI82Ea,1rnI1rsLsAxitG1OkAFkaY,3
Top tracks from related artists,6txo4X8yd8FekwFFtI82Ea,1upQiytDIEZfl9ItruoXuC,4
Top tracks from related artists,6txo4X8yd8FekwFFtI82Ea,3vTiuA8gFWyR7kCRWDpukH,5
Top tracks from related artists,6txo4X8yd8FekwFFtI82Ea,7fcDQg8prLdJwim6Ey7neB,6
Top tracks from related artists,6txo4X8yd8FekwFFtI82Ea,5aZtG8CsE1XdapZqWulJpl,7
Top tracks from related artists,6txo4X8yd8FekwFFtI82Ea,2jjVsWQEUeZ06qSqF8xiBr,8
Top tracks from related artists,6txo4X8yd8FekwFFtI82Ea,6cgeWBN2JDP1YksqOoUkDG,9
Top tracks from related artists,6txo4X8yd8FekwFFtI82Ea,7iw4nepbieRONYfFo8HR0i,10
Top tracks from related artists,6txo4X8yd8FekwFFtI82Ea,6Yn1TJtG7PnoEBCXRovLhP,11
Top tracks from related artists,6txo4X8yd8FekwFFtI82Ea,18RvngbPcscRA2RB42hIjz,12
Top tracks from related artists,6txo4X8yd8FekwFFtI82Ea,4O1334BUujjHHNBHKcSzGI,13
Top tracks from related artists,6txo4X8yd8FekwFFtI82Ea,0Fi6VcaiIvtvJ4Fm8lWq4X,14
Top tracks from related artists,6txo4X8yd8FekwFFtI82Ea,1SiXH4X7Zz8ZlYB3llY6sW,15
Top tracks from related artists,6txo4X8yd8FekwFFtI82Ea,6JyOOUsZ5wlpe8HPSM8Qdu,16
Top tracks from related artists,6txo4X8yd8FekwFFtI82Ea,2qspLJIbR4qj4X17dZAB1u,17
Top tracks from related artists,6txo4X8yd8FekwFFtI82Ea,2ONoPI9h1YIShG1n6AF9E8,18
Top tracks from related artists,6txo4X8yd8FekwFFtI82Ea,1ayVfSGKLGZxhW8UBew52g,19
Top tracks from related artists,6txo4X8yd8FekwFFtI82Ea,58Rq77Wl8ZqX7wIniT8Ujq,20
Top tracks from related artists,6txo4X8yd8FekwFFtI82Ea,6k57RO0qg5ULURqpBAh4BC,21
Top tracks from related artists,6txo4X8yd8FekwFFtI82Ea,2euauaTvztPp2Ae6rCeTri,22
Top tracks from related artists,6txo4X8yd8FekwFFtI82Ea,7dMKKLuDqwGxPN29dmale9,23
Top tracks from related artists,6txo4X8yd8FekwFFtI82Ea,5fY5gnb48X4m80sPTz6GLR,24
Top tracks from related artists,6txo4X8yd8FekwFFtI82Ea,6tZ90voLabpE1Su5OPVwQ8,25
Top tracks from related artists,6txo4X8yd8FekwFFtI82Ea,0CJuLeZpCdqrqoCMXWZw8k,26
Top tracks from related artists,6txo4X8yd8FekwFFtI82Ea,35IHezFNagyACukRVZ1dxn,27
Top tracks from related artists,6txo4X8yd8FekwFFtI82Ea,4KdU8Qm3HPLTNGxLocWJBI,28
Top tracks from related artists,6txo4X8yd8FekwFFtI82Ea,1Z43fZwZBbyx2Z9EkWvNs5,29
Similar tracks from related artists,6txo4X8yd8FekwFFtI82Ea,7JcEelZYTKMigz0PJz95PK,0
Similar tracks from related artists,6txo4X8yd8FekwFFtI82Ea,2rYh93MDhyimJIRGeYYS8b,1
Similar tracks from related artists,6txo4X8yd8FekwFFtI82Ea,1fKmRcpKBleZllipLOou8U,2
Similar tracks from related artists,6txo4X8yd8FekwFFtI82Ea,3I3tai2fb9Th1qruTYIqOZ,3
Similar tracks from related artists,6txo4X8yd8FekwFFtI82Ea,0nDMtKbaDxJicp74fvhx1v,4
Similar tracks from related artists,6txo4X8yd8FekwFFtI82Ea,63SgvClShHyVu1M4tbw2Ks,5
Similar tracks from related artists,6txo4X8yd8FekwFFtI82Ea,5kWXuoeP71HBH8fwd3oSfB,6
Similar tracks from related artists,6txo4X8yd8FekwFFtI82Ea,6WRm58r9b8JTVE3tcQqTXU,7
Similar tracks from related artists,6txo4X8yd8FekwFFtI82Ea,346WYFNFhlxPI7FmBCOSHz,8
Similar tracks from related artists,6txo4X8yd8FekwFFtI82Ea,6cN6SmvlCR8rfKtDpGN3Om,9
Similar tracks from related artists,6txo4X8yd8FekwFFtI82Ea,3jxhX5YCKW690AO1CeXmDf,10
Similar tracks from related artists,6txo4X8yd8FekwFFtI82Ea,173FwRTXzd1785tmVJBJaZ,11
Similar tracks from related artists,6txo4X8yd8FekwFFtI82Ea,2Z5ub88ecJkt1cK11TX4Gu,12
Similar tracks from related artists,6txo4X8yd8FekwFFtI82Ea,5tad67we4NOaG4cmBGgMmq,13
Similar tracks from related artists,6txo4X8yd8FekwFFtI82Ea,6TdvVUbAkQXFhVJkBbwJEo,14
Similar tracks from related artists,6txo4X8yd8FekwFFtI82Ea,1vfBphOfzzmYrQ4rNZA9uh,15
Similar tracks from related artists,6txo4X8yd8FekwFFtI82Ea,4c7kislKNZgKYO2fBYIUzH,16
Similar tracks from related artists,6txo4X8yd8FekwFFtI82Ea,1kUwTg0wFHWhdE4wswQ0hg,17
Similar tracks from related artists,6txo4X8yd8FekwFFtI82Ea,3NGQ72Orlb8vZUHcFO5deM,18
Similar tracks from related artists,6txo4X8yd8FekwFFtI82Ea,06UpxyrCdukq4eGHJO6vPB,19
Similar tracks from related artists,6txo4X8yd8FekwFFtI82Ea,6ChPCV0cOmdumbkqaSVvBv,20
Similar tracks from related artists,6txo4X8yd8FekwFFtI82Ea,6PdFZBrM2Fduf09YulhzaE,21
Similar tracks from related artists,6txo4X8yd8FekwFFtI82Ea,124yr5tD8SdT2k7IrpAx1v,22
Similar tracks from related artists,6txo4X8yd8FekwFFtI82Ea,7GC86G9a4MHnNuwe8idJnp,23
Similar tracks from related artists,6txo4X8yd8FekwFFtI82Ea,75JYsTvYF3XJR1alyVVSfc,24
Similar tracks from related artists,6txo4X8yd8FekwFFtI82Ea,7CMjC8rdVVWPTpC7KjzFpC,25
Similar tracks from related artists,6txo4X8yd8FekwFFtI82Ea,0zNquGlgXF0WgCLoeclnxz,26
Similar tracks from related artists,6txo4X8yd8FekwFFtI82Ea,14rprQD5BJ5VqXNn15adnu,27
Similar tracks from related artists,6txo4X8yd8FekwFFtI82Ea,4PHyBWxesjC6WVgaSW1jUJ,28
Similar tracks from related artists,6txo4X8yd8FekwFFtI82Ea,03pEL62rcdM00V2X1zvWpX,29
Similar tracks from vantage point database,6txo4X8yd8FekwFFtI82Ea,3CRCrPHrwzczWMaupcZEM7,0
Similar tracks from vantage point database,6txo4X8yd8FekwFFtI82Ea,3PhdXWllSUSaTR7zIMNtSX,1
Similar tracks from vantage point database,6txo4X8yd8FekwFFtI82Ea,1ekZZ5C0KaxddBkf1dhQCz,2
Similar tracks from vantage point database,6txo4X8yd8FekwFFtI82Ea,3esI13pcSkBBW6YnElHDsM,3
Similar tracks from vantage point database,6txo4X8yd8FekwFFtI82Ea,0VaHUdMVxye65VsMZaQGnF,4
Similar tracks from vantage point database,6txo4X8yd8FekwFFtI82Ea,71RkS8ubRBY6Nec35Y6pq4,5
Similar tracks from vantage point database,6txo4X8yd8FekwFFtI82Ea,2Kkoq48Q1QLY1eme71IeOn,6
Similar tracks from vantage point database,6txo4X8yd8FekwFFtI82Ea,2J2hhC57fqxMt7ifXcDpvA,7
Similar tracks from vantage point database,6txo4X8yd8FekwFFtI82Ea,7be6NJbyNq8IUwtryK9PYK,8
Similar tracks from vantage point database,6txo4X8yd8FekwFFtI82Ea,4KTI88ANlIJ1sYk8aiNuvb,9
Similar tracks from vantage point database,6txo4X8yd8FekwFFtI82Ea,6lzQGUtJzwgUs5c7j7XnmZ,10
Similar tracks from vantage point database,6txo4X8yd8FekwFFtI82Ea,5LasrYmd4fTAPlGbRAGK4j,11
Similar tracks from vantage point database,6txo4X8yd8FekwFFtI82Ea,4MZYWhBVwMTqTC26uQl7IU,12
Similar tracks from vantage point database,6txo4X8yd8FekwFFtI82Ea,223qkeisX1kRkHoliLPt76,13
Similar tracks from vantage point database,6txo4X8yd8FekwFFtI82Ea,6EKOfTwth2mOLARyIfP6BP,14
Similar tracks from vantage point database,6txo4X8yd8FekwFFtI82Ea,5YZCECutJ1jVjYhAW8Exri,15
Similar tracks from vantage point database,6txo4X8yd8FekwFFtI82Ea,75EY56m3Pl2mYgDDYhQdUm,16
Similar tracks from vantage point database,6txo4X8yd8FekwFFtI82Ea,0C8O8lu5v8I1b1CF6W3S2e,17
Similar tracks from vantage point database,6txo4X8yd8FekwFFtI82Ea,7GC86G9a4MHnNuwe8idJnp,18
Similar tracks from vantage point database,6txo4X8yd8FekwFFtI82Ea,3qUbLRDvo5lPEd26iq2O3N,19
Similar tracks from vantage point database,6txo4X8yd8FekwFFtI82Ea,2wkIuzEwPwDYOZjpcym1Ug,20
Similar tracks from vantage point database,6txo4X8yd8FekwFFtI82Ea,4c7kislKNZgKYO2fBYIUzH,21
Similar tracks from vantage point database,6txo4X8yd8FekwFFtI82Ea,5ejTlVmcIXh9evYLYtK7GS,22
Similar tracks from vantage point database,6txo4X8yd8FekwFFtI82Ea,1V9PYKDevSBrSeIBaPaABe,23
Similar tracks from vantage point database,6txo4X8yd8FekwFFtI82Ea,3jv1IDkFgXTTV8mNtfkeTT,24
Similar tracks from vantage point database,6txo4X8yd8FekwFFtI82Ea,4Ag9hZ1xlNrXoN36KdhDPe,25
Similar tracks from vantage point database,6txo4X8yd8FekwFFtI82Ea,1KVmpLrOIIwoVwLkbqkSkU,26
Similar tracks from vantage point database,6txo4X8yd8FekwFFtI82Ea,5dRUq5yyHNXsz0DTV89LoQ,27
Similar tracks from vantage point database,6txo4X8yd8FekwFFtI82Ea,4BaE7u98b32iIhC496Xn0b,28
Similar tracks from vantage point database,6txo4X8yd8FekwFFtI82Ea,05l6LpQPywHfUx6wH8M8YD,29
Top tracks from related artists,7qiZfU4dY1lWllzX7mPBI3,1s8tP3jP4GZcyHDsjvw218,0
Top tracks from related artists,7qiZfU4dY1lWllzX7mPBI3,4RL77hMWUq35NYnPLXBpih,1
Top tracks from related artists,7qiZfU4dY1lWllzX7mPBI3,4nS1sut0R2mgmFitKIShVe,2
Top tracks from related artists,7qiZfU4dY1lWllzX7mPBI3,51ChrwmUPDJvedPQnIU8Ls,3
Top tracks from related artists,7qiZfU4dY1lWllzX7mPBI3,3YPlsrk0Voe8AOa1jyN891,4
Top tracks from related artists,7qiZfU4dY1lWllzX7mPBI3,0OgyvqduYV0XeFJFjbwTuB,5
Top tracks from related artists,7qiZfU4dY1lWllzX7mPBI3,2afCBiru10AFckfOa49wIa,6
Top tracks from related artists,7qiZfU4dY1lWllzX7mPBI3,6PCUP3dWmTjcTtXY02oFdT,7
Top tracks from related artists,7qiZfU4dY1lWllzX7mPBI3,7oArXBmMlLCtZdUkXWQZGs,8
Top tracks from related artists,7qiZfU4dY1lWllzX7mPBI3,1RNyz1P8eyL5BsCzooCguk,9
Top tracks from related artists,7qiZfU4dY1lWllzX7mPBI3,1fnCJ85pEhKrpU9IsxoitM,10
Top tracks from related artists,7qiZfU4dY1lWllzX7mPBI3,7py16W5fWYLFFS6BElKAjn,11
Top tracks from related artists,7qiZfU4dY1lWllzX7mPBI3,0HMjXBAZmSYOTTi33WpMso,12
Top tracks from related artists,7qiZfU4dY1lWllzX7mPBI3,1NrJYpdAi7uosDRPmSYrsG,13
Top tracks from related artists,7qiZfU4dY1lWllzX7mPBI3,1BV0m40U0M4t1SLIsDnwZl,14
Top tracks from related artists,7qiZfU4dY1lWllzX7mPBI3,3MPvgWrFplhNi3QncC5eUS,15
Top tracks from related artists,7qiZfU4dY1lWllzX7mPBI3,4fINc8dnfcz7AdhFYVA4i7,16
Top tracks from related artists,7qiZfU4dY1lWllzX7mPBI3,0YywjDvFudcaHG74NuWISy,17
Top tracks from related artists,7qiZfU4dY1lWllzX7mPBI3,4tK4ARuilOrBzwVQK73E0Y,18
Top tracks from related artists,7qiZfU4dY1lWllzX7mPBI3,0ZPfDxZn5O0L84wvPSN2iG,19
Top tracks from related artists,7qiZfU4dY1lWllzX7mPBI3,53QF56cjZA9RTuuMZDrSA6,20
Top tracks from related artists,7qiZfU4dY1lWllzX7mPBI3,6sy3LkhNFjJWlaeSMNwQ62,21
Top tracks from related artists,7qiZfU4dY1lWllzX7mPBI3,6o4BYWzrQvfaFmQhm8Zq2v,22
Top tracks from related artists,7qiZfU4dY1lWllzX7mPBI3,0JswmIBSn3XZ15wEEtH5fj,23
Top tracks from related artists,7qiZfU4dY1lWllzX7mPBI3,0vg4WnUWvze6pBOJDTq99k,24
Top tracks from related artists,7qiZfU4dY1lWllzX7mPBI3,5qenS4Saf6EyIJ2yViBG9b,25
Top tracks from related artists,7qiZfU4dY1lWllzX7mPBI3,3odrUVQ9tvRpkC9II2oWzx,26
Top tracks from related artists,7qiZfU4dY1lWllzX7mPBI3,720IIHD0NvNfDURgWSB3rP,27
Top tracks from related artists,7qiZfU4dY1lWllzX7mPBI3,6AmxeIQnj00ObQNSBFFMGd,28
Top tracks from related artists,7qiZfU4dY1lWllzX7mPBI3,2pJZ1v8HezrAoZ0Fhzby92,29
Similar tracks from related artists,7qiZfU4dY1lWllzX7mPBI3,6VS1cxHeGZfVMbEeXOqSXD,0
Similar tracks from related artists,7qiZfU4dY1lWllzX7mPBI3,5SRQuCUTsEGp5yZEAUHhAT,1
Similar tracks from related artists,7qiZfU4dY1lWllzX7mPBI3,0ZmSwwhRWg8ML00oFx0RS6,2
Similar tracks from related artists,7qiZfU4dY1lWllzX7mPBI3,1dB3Hsi3LfViWtqE8Sj8pr,3
Similar tracks from related artists,7qiZfU4dY1lWllzX7mPBI3,5uCax9HTNlzGybIStD3vDh,4
Similar tracks from related artists,7qiZfU4dY1lWllzX7mPBI3,4ZOYPb6MfDBkh6rKsrGwHn,5
Similar tracks from related artists,7qiZfU4dY1lWllzX7mPBI3,6IEc8l3p6Z5OBLMFg6Z2V1,6
Similar tracks from related artists,7qiZfU4dY1lWllzX7mPBI3,3CsYb0TATXfF4sxkrYDiRD,7
Similar tracks from related artists,7qiZfU4dY1lWllzX7mPBI3,13ETkZ90sElK5xJuB4cUEt,8
Similar tracks from related artists,7qiZfU4dY1lWllzX7mPBI3,5ELRkzdzz0HvGpMDlfZHkV,9
Similar tracks from related artists,7qiZfU4dY1lWllzX7mPBI3,6XRNCAnxJIB1p4RPdFVSq0,10
Similar tracks from related artists,7qiZfU4dY1lWllzX7mPBI3,6KNMw4U7GCFCtOC9SI5J0i,11
Similar tracks from related artists,7qiZfU4dY1lWllzX7mPBI3,5GHMYdQZXudk51xkLlo0l3,12
Similar tracks from related artists,7qiZfU4dY1lWllzX7mPBI3,5GOVRcgTozpfIWOVDujxau,13
Similar tracks from related artists,7qiZfU4dY1lWllzX7mPBI3,0TtbdD068t7JBif88ruL83,14
Similar tracks from related artists,7qiZfU4dY1lWllzX7mPBI3,3u2CaKyMlqbjGHw6BUkyKK,15
Similar tracks from related artists,7qiZfU4dY1lWllzX7mPBI3,09Y50dheJLOV2jPIzPh5KM,16
Similar tracks from related artists,7qiZfU4dY1lWllzX7mPBI3,2jbEOzPDgOKZCsYIvWhF2k,17
Similar tracks from related artists,7qiZfU4dY1lWllzX7mPBI3,47UDiZQHAkVtMNhx6EjyOn,18
Similar tracks from related artists,7qiZfU4dY1lWllzX7mPBI3,5aHgzqUqrqlaS8mzAUfo8K,19
Similar tracks from related artists,7qiZfU4dY1lWllzX7mPBI3,0seRurXULHeL6OkdRgOg0x,20
Similar tracks from related artists,7qiZfU4dY1lWllzX7mPBI3,1aAY34lYkbZHK4T9YhDNbv,21
Similar tracks from related artists,7qiZfU4dY1lWllzX7mPBI3,7LFV7xsgH1PCdSVxorYW49,22
Similar tracks from related artists,7qiZfU4dY1lWllzX7mPBI3,3B8BedGdUGT1Ixog6v8ua8,23
Similar tracks from related artists,7qiZfU4dY1lWllzX7mPBI3,3Gzj3T5oKwRJ8XPCorph5d,24
Similar tracks from related artists,7qiZfU4dY1lWllzX7mPBI3,131zNSkPbXl9UmQWIdT6Ed,25
Similar tracks from related artists,7qiZfU4dY1lWllzX7mPBI3,6AfVrMcM4i1zYr4KZgLyRW,26
Similar tracks from related artists,7qiZfU4dY1lWllzX7mPBI3,69RasNFxqhiyy75JDHsrIS,27
Similar tracks from related artists,7qiZfU4dY1lWllzX7mPBI3,4q4FNNYlE7tFenRKQmQ1wb,28
Similar tracks from related artists,7qiZfU4dY1lWllzX7mPBI3,57QE0VnzDBRYKXCX62sS8N,29
Similar tracks from vantage point database,7qiZfU4dY1lWllzX7mPBI3,5RmdT9ENbeGpAfToyNuOQo,0
Similar tracks from vantage point database,7qiZfU4dY1lWllzX7mPBI3,6IEc8l3p6Z5OBLMFg6Z2V1,1
Similar tracks from vantage point database,7qiZfU4dY1lWllzX7mPBI3,5yVIlYEHZxQVLyInCdldoS,2
Similar tracks from vantage point database,7qiZfU4dY1lWllzX7mPBI3,5rkok5WSDPoQb9xKx5R61n,3
Similar tracks from vantage point database,7qiZfU4dY1lWllzX7mPBI3,2iGdzz70JZHjvjwgoYDaqL,4
Similar tracks from vantage point database,7qiZfU4dY1lWllzX7mPBI3,51wzo64o4lVlk78MIQeuxg,5
Similar tracks from vantage point database,7qiZfU4dY1lWllzX7mPBI3,4YnnTX2B7bVymXfmcRd2A7,6
Similar tracks from vantage point database,7qiZfU4dY1lWllzX7mPBI3,4dO8km6l3RbfOKU5NTImhQ,7
Similar tracks from vantage point database,7qiZfU4dY1lWllzX7mPBI3,3Q0UjvyOPmSvdEsY1aigpw,8
Similar tracks from vantage point database,7qiZfU4dY1lWllzX7mPBI3,0TCrIeFjD11OqQjxnBddaC,9
Similar tracks from vantage point database,7qiZfU4dY1lWllzX7mPBI3,7sW5zd0kLletwl2LoinN7k,10
Similar tracks from vantage point database,7qiZfU4dY1lWllzX7mPBI3,4MKJD8gZaMABHsxzDGxIVP,11
Similar tracks from vantage point database,7qiZfU4dY1lWllzX7mPBI3,7rxLRLFFjdiBWBKWDd6NMz,12
Similar tracks from vantage point database,7qiZfU4dY1lWllzX7mPBI3,2jbEOzPDgOKZCsYIvWhF2k,13
Similar tracks from vantage point database,7qiZfU4dY1lWllzX7mPBI3,0RoYIQhei0MYoEH0F3tLKZ,14
Similar tracks from vantage point database,7qiZfU4dY1lWllzX7mPBI3,7zV6lcEbkYnRIlztJR14hK,15
Similar tracks from vantage point database,7qiZfU4dY1lWllzX7mPBI3,26EZZ0xthDGAainMj2L0bR,16
Similar tracks from vantage point database,7qiZfU4dY1lWllzX7mPBI3,3cizXJy7gF5Dpfo67O5ePg,17
Similar tracks from vantage point database,7qiZfU4dY1lWllzX7mPBI3,4oCmusomhJaDXUF9OttwQ5,18
Similar tracks from vantage point database,7qiZfU4dY1lWllzX7mPBI3,3CQeS6lfFlgfeHl3N0MjfX,19
Similar tracks from vantage point database,7qiZfU4dY1lWllzX7mPBI3,2MxNtn1QFXuXhaZ2hK4iMV,20
Similar tracks from vantage point database,7qiZfU4dY1lWllzX7mPBI3,4sivv8imuAYEQaamYl1hcw,21
Similar tracks from vantage point database,7qiZfU4dY1lWllzX7mPBI3,4bdPdSIHu8OeWpLWEEB2ts,22
Similar tracks from vantage point database,7qiZfU4dY1lWllzX7mPBI3,5WQMX0L7DXMrUbjZh5T4EP,23
Similar tracks from vantage point database,7qiZfU4dY1lWllzX7mPBI3,4ai5ohjZReE2TAx1zQnxhw,24
Similar tracks from vantage point database,7qiZfU4dY1lWllzX7mPBI3,2osVdNhb5bFJq3CYJITg2u,25
Similar tracks from vantage point database,7qiZfU4dY1lWllzX7mPBI3,0si7kT2nrastJF1E5NubCz,26
Similar tracks from vantage point database,7qiZfU4dY1lWllzX7mPBI3,4W6TOl1aiOJiecT8pWqcKF,27
Similar tracks from vantage point database,7qiZfU4dY1lWllzX7mPBI3,2mG2lREKwkMYhQP7wGoDok,28
Similar tracks from vantage point database,7qiZfU4dY1lWllzX7mPBI3,2pJZ1v8HezrAoZ0Fhzby92,29
Top tracks from related artists,7k2lqQ4Vt9435X24qUISki,1pGwXmkJy8oBfWAGqjHSgI,0
Top tracks from related artists,7k2lqQ4Vt9435X24qUISki,3d2APuMMFYWsA7g8AwV1Bd,1
Top tracks from related artists,7k2lqQ4Vt9435X24qUISki,3YcvFeJbnzDyWNxAFUhziH,2
Top tracks from related artists,7k2lqQ4Vt9435X24qUISki,2Yf7GDUIRd7YpA5LgqCeb5,3
Top tracks from related artists,7k2lqQ4Vt9435X24qUISki,1eBk1yNinU0VgY79rcshYa,4
Top tracks from related artists,7k2lqQ4Vt9435X24qUISki,567EmmCbOtpEuaVC2zznU6,5
Top tracks from related artists,7k2lqQ4Vt9435X24qUISki,6r44uyKRo3jKFRkThTZBXu,6
Top tracks from related artists,7k2lqQ4Vt9435X24qUISki,5WXoxLVNn7Bxrn0Q2RHfka,7
Top tracks from related artists,7k2lqQ4Vt9435X24qUISki,1UbvapOt3OIMhYv9ZOG6ZP,8
Top tracks from related artists,7k2lqQ4Vt9435X24qUISki,6qsnEjLjd29zqBCNIwEhl6,9
Top tracks from related artists,7k2lqQ4Vt9435X24qUISki,5xQXohUM4dXCaGaDvzBUr6,10
Top tracks from related artists,7k2lqQ4Vt9435X24qUISki,1O7FfC73F4DSSB15leLONo,11
Top tracks from related artists,7k2lqQ4Vt9435X24qUISki,6zbybRcr1QVLjxEpH7twcQ,12
Top tracks from related artists,7k2lqQ4Vt9435X24qUISki,2Ay0H0W52HmEMkPXJuG34k,13
Top tracks from related artists,7k2lqQ4Vt9435X24qUISki,3fFJs5AXy3FnVq4q6z3cj3,14
Top tracks from related artists,7k2lqQ4Vt9435X24qUISki,5R2OeM7jWaLEfZKoY04brH,15
Top tracks from related artists,7k2lqQ4Vt9435X24qUISki,6HOOZc0Ig9iunhEzuaMnAi,16
Top tracks from related artists,7k2lqQ4Vt9435X24qUISki,4att9JbgPpcTm1MVsEIWIr,17
Top tracks from related artists,7k2lqQ4Vt9435X24qUISki,0szmjOw9XbtbQYWz0GvXSp,18
Top tracks from related artists,7k2lqQ4Vt9435X24qUISki,5ODUAzIOHJ4JcudojTsuBP,19
Top tracks from related artists,7k2lqQ4Vt9435X24qUISki,6UHZNlQ7WkukvtNRcMvcwg,20
Top tracks from related artists,7k2lqQ4Vt9435X24qUISki,7hVXJt6Ge4YLURY5YF8P2q,21
Top tracks from related artists,7k2lqQ4Vt9435X24qUISki,22IUWYOGX5n9XgwWd1OSMq,22
Top tracks from related artists,7k2lqQ4Vt9435X24qUISki,4hi9OKSZA7jVKXoXvjjipG,23
Top tracks from related artists,7k2lqQ4Vt9435X24qUISki,4gG09Ofs0fLVBmFFeJXBEM,24
Top tracks from related artists,7k2lqQ4Vt9435X24qUISki,6n7PRM0pp868Qqg9JYwBdh,25
Top tracks from related artists,7k2lqQ4Vt9435X24qUISki,7BRwh1bemr9rFMDeTbcy5S,26
Top tracks from related artists,7k2lqQ4Vt9435X24qUISki,0W3wD3RexJQBt7DljcGeyT,27
Top tracks from related artists,7k2lqQ4Vt9435X24qUISki,4JZvJzuSDubH8spgfIlPty,28
Top tracks from related artists,7k2lqQ4Vt9435X24qUISki,7zKOXRFaHxPhx7eBUuzdWR,29
Similar tracks from related artists,7k2lqQ4Vt9435X24qUISki,3QfrcVw2Exv7lnIFGFdPMG,0
Similar tracks from related artists,7k2lqQ4Vt9435X24qUISki,3ThjCoHQywlKWXPqTSf2At,1
Similar tracks from related artists,7k2lqQ4Vt9435X24qUISki,4oQRyH9ezQmDkv4uNiYsfb,2
Similar tracks from related artists,7k2lqQ4Vt9435X24qUISki,7DtmKZshOAzzmIzdH1IWpL,3
Similar tracks from related artists,7k2lqQ4Vt9435X24qUISki,4CpOO99ruCinjapj96YIac,4
Similar tracks from related artists,7k2lqQ4Vt9435X24qUISki,0sPth844GZpi5SJjgwwljM,5
Similar tracks from related artists,7k2lqQ4Vt9435X24qUISki,3ElAeB0HnsAK8g7BrOOwuv,6
Similar tracks from related artists,7k2lqQ4Vt9435X24qUISki,1kItKZgTVYH9eeTFaKeYEQ,7
Similar tracks from related artists,7k2lqQ4Vt9435X24qUISki,55N1S1MscZ87I7r3xKYNXD,8
Similar tracks from related artists,7k2lqQ4Vt9435X24qUISki,3PsntsgANd8tXTZRqufTtK,9
Similar tracks from related artists,7k2lqQ4Vt9435X24qUISki,5iEMYC5flFVOR0Yfrktncz,10
Similar tracks from related artists,7k2lqQ4Vt9435X24qUISki,0VUh0X55NyBxmVKohSwzpN,11
Similar tracks from related artists,7k2lqQ4Vt9435X24qUISki,1DN6ymTEAG2MgRkyqEA1Xs,12
Similar tracks from related artists,7k2lqQ4Vt9435X24qUISki,2T6OnkDjFBBonKJpwc03SG,13
Similar tracks from related artists,7k2lqQ4Vt9435X24qUISki,2gdQ7hM6Mqgzx1ItJ7Lcfk,14
Similar tracks from related artists,7k2lqQ4Vt9435X24qUISki,22u2ERwF2lpr86K5ju76Qn,15
Similar tracks from related artists,7k2lqQ4Vt9435X24qUISki,4axhp8WvTKhSn9SV7wnlZo,16
Similar tracks from related artists,7k2lqQ4Vt9435X24qUISki,6pBvHreRAGtQ3S2jYItgsj,17
Similar tracks from related artists,7k2lqQ4Vt9435X24qUISki,4SdJa2l7yJ7ZgBVeJ1GqaT,18
Similar tracks from related artists,7k2lqQ4Vt9435X24qUISki,5qa9VfCXKAY2Q5dyMQQQkP,19
Similar tracks from related artists,7k2lqQ4Vt9435X24qUISki,2voiqsuB2fFVtO7Em9jcug,20
Similar tracks from related artists,7k2lqQ4Vt9435X24qUISki,2hFTsnI6bdVWohudIs3otI,21
Similar tracks from related artists,7k2lqQ4Vt9435X24qUISki,5FR4HyJhJeeJNfJ9eLgEnq,22
Similar tracks from related artists,7k2lqQ4Vt9435X24qUISki,3hbBbGZra8RFLpWmz6Klka,23
Similar tracks from related artists,7k2lqQ4Vt9435X24qUISki,1NtbvErNCDDnFPM5amhMdm,24
Similar tracks from related artists,7k2lqQ4Vt9435X24qUISki,0xsvnE1pZpkTsdFFKdqole,25
Similar tracks from related artists,7k2lqQ4Vt9435X24qUISki,2nZcQa2vjGgmPfhZCPqS3y,26
Similar tracks from related artists,7k2lqQ4Vt9435X24qUISki,2avHlALOF2NUMueXloKGM8,27
Similar tracks from related artists,7k2lqQ4Vt9435X24qUISki,7zKOXRFaHxPhx7eBUuzdWR,28
Similar tracks from related artists,7k2lqQ4Vt9435X24qUISki,1Jue3lYsSdq0UUdoPpVkNW,29
Similar tracks from vantage point database,7k2lqQ4Vt9435X24qUISki,5Nd50WKhVieaCLWFJlcLT2,0
Similar tracks from vantage point database,7k2lqQ4Vt9435X24qUISki,7xj9wfY8g8wYywNDJYQtiw,1
Similar tracks from vantage point database,7k2lqQ4Vt9435X24qUISki,7JLFGOAMkT5fCmjUeThGyu,2
Similar tracks from vantage point database,7k2lqQ4Vt9435X24qUISki,4LvnlktZh4oLxpT7bFI34l,3
Similar tracks from vantage point database,7k2lqQ4Vt9435X24qUISki,4viyKGiVj92VvsQCDTXrFE,4
Similar tracks from vantage point database,7k2lqQ4Vt9435X24qUISki,2Y5YeET57EmS8GNr6zLQFf,5
Similar tracks from vantage point database,7k2lqQ4Vt9435X24qUISki,0bVkyWFXvUyptosuyZN6RC,6
Similar tracks from vantage point database,7k2lqQ4Vt9435X24qUISki,22IwVzhx2PnihV9zLkzPxk,7
Similar tracks from vantage point database,7k2lqQ4Vt9435X24qUISki,4CRL20F12JmOo04JuVx3hv,8
Similar tracks from vantage point database,7k2lqQ4Vt9435X24qUISki,4ltvtgLNGlaVd8AUIgjUGt,9
Similar tracks from vantage point database,7k2lqQ4Vt9435X24qUISki,2HXIrXCodF074SORlVWx4X,10
Similar tracks from vantage point database,7k2lqQ4Vt9435X24qUISki,7DtmKZshOAzzmIzdH1IWpL,11
Similar tracks from vantage point database,7k2lqQ4Vt9435X24qUISki,6iCX12NfJjqnkyyUiKOc2s,12
Similar tracks from vantage point database,7k2lqQ4Vt9435X24qUISki,6NXl7R6bpf7q5g0B0hHYsn,13
Similar tracks from vantage point database,7k2lqQ4Vt9435X24qUISki,6VI5dC7cZLu3hdUPq1loiJ,14
Similar tracks from vantage point database,7k2lqQ4Vt9435X24qUISki,5xOgw2iE0qvcGYSErgLiJ6,15
Similar tracks from vantage point database,7k2lqQ4Vt9435X24qUISki,7cinlbzzEWJtJjDkDmx5O4,16
Similar tracks from vantage point database,7k2lqQ4Vt9435X24qUISki,7FUDF5tlStRHxO7ZqjcFd2,17
Similar tracks from vantage point database,7k2lqQ4Vt9435X24qUISki,0fTTbpS94BPYxan1Z6J3cm,18
Similar tracks from vantage point database,7k2lqQ4Vt9435X24qUISki,7JRbXhWVB6i20wPHx0M6vd,19
Similar tracks from vantage point database,7k2lqQ4Vt9435X24qUISki,2TTwSbzdUsJPKioJ868N9D,20
Similar tracks from vantage point database,7k2lqQ4Vt9435X24qUISki,7j3QsdzlQS7juDbMpAkx2y,21
Similar tracks from vantage point database,7k2lqQ4Vt9435X24qUISki,3G9pm7y3lVQ1FFANURCgVU,22
Similar tracks from vantage point database,7k2lqQ4Vt9435X24qUISki,0NmYSVa2CyMCd9XU2vGjoA,23
Similar tracks from vantage point database,7k2lqQ4Vt9435X24qUISki,3TNrH1JTapEGqL7vNlmrIC,24
Similar tracks from vantage point database,7k2lqQ4Vt9435X24qUISki,3xev4ldjHq7qLz6XfgE7G4,25
Similar tracks from vantage point database,7k2lqQ4Vt9435X24qUISki,37dXg6Z50WBk8u6O3w0URY,26
Similar tracks from vantage point database,7k2lqQ4Vt9435X24qUISki,35vtXtNRBB0VP3XBnUSdo6,27
Similar tracks from vantage point database,7k2lqQ4Vt9435X24qUISki,7xm9QD5D4RqUxhAO5H7ouW,28
Similar tracks from vantage point database,7k2lqQ4Vt9435X24qUISki,79PzUCoYq6Co89mxICQOH8,29